fdsafdofasdkjfsdafdofasdkjfsdabjkfdofasdkjfsdabjkaqweqiwesdasdasdgakjsdlgjgsfdofasdkjfsdabjkaqweqiwesdasdasdgakjsdlgjgfdofasdkjfsdabjkaqweqiwesdasdasdgakjsdlgjgsaffdofasdkjfsdabjkaqweqiwesdasdasdgakjsdlgjgsafsdafsadqiowepgewhighskadgsdafsadqiowepgewhighskadgsafsdafsadqiowepgewhighskadgafsdafsadqiowepgewhighskadgaqweqiwesdasfdofasdkjfsdabjkaqweqiwesdasdasdgakjsdlgjgsafsdafsadqiowepgewhighskadgdasdgakjsdlgjgsafsdafsadqiowepgewhighskadgbjkaqweqiwesdasdasdgakjsdlgjgsafsdafsadqiowepgewhighskadgasdkgakslsdaf|5
gdflgckvfdsoihgowgckvfdsoihgowigugckvfdsoihgowiguhqwepdkjinrnjdfkbvzjhbvfdjxgckvfdsoihgowiguhqwepdkjinrnjdfkbvzjhbvfdjgckvfdsoihgowiguhqwepdkjinrnjdfkbvzjhbvfdjxbngckvfdsoihgowiguhqwepdkjinrnjdfkbvzjhbvfdjxbnocfbmxgitopqetpioeqghbgreocfbmxgitopqetpioeqghbgrexbnocfbmxgitopqetpioeqghbgrebnocfbmxgitopqetpioeqghbgrehqwepdkjinrngckvfdsoihgowiguhqwepdkjinrnjdfkbvzjhbvfdjxbnocfbmxgitopqetpioeqghbgrejdfkbvzjhbvfdjxbnocfbmxgitopqetpioeqghbgreiguhqwepdkjinrnjdfkbvzjhbvfdjxbnocfbmxgitopqetpioeqghbgreighierghiergs|5
rbhkdgnqeofbdkjszdgnqeofbdkjszdivdgnqeofbdkjszdivoqweqelgavgekgnavxdzdvhbapjdgnqeofbdkjszdivoqweqelgavgekgnavxdzdvhbapdgnqeofbdkjszdivoqweqelgavgekgnavxdzdvhbapjkvdgnqeofbdkjszdivoqweqelgavgekgnavxdzdvhbapjkvherkbjeoihtqgpweityvfbaezherkbjeoihtqgpweityvfbaezjkvherkbjeoihtqgpweityvfbaezkvherkbjeoihtqgpweityvfbaezoqweqelgavgedgnqeofbdkjszdivoqweqelgavgekgnavxdzdvhbapjkvherkbjeoihtqgpweityvfbaezkgnavxdzdvhbapjkvherkbjeoihtqgpweityvfbaezdivoqweqelgavgekgnavxdzdvhbapjkvherkbjeoihtqgpweityvfbaezsdfqewqfwefew|5
bgaoeeobuaeobgruaeeobuaeobgrualereeobuaeobgrualernasjbauebbajuenlieuhngioedgeeobuaeobgrualernasjbauebbajuenlieuhngioedeeobuaeobgrualernasjbauebbajuenlieuhngioedgaeeeobuaeobgrualernasjbauebbajuenlieuhngioedgaebogyaugioafpewnvaeuvgiorebogyaugioafpewnvaeuvgioregaebogyaugioafpewnvaeuvgioreaebogyaugioafpewnvaeuvgiorenasjbauebbajeeobuaeobgrualernasjbauebbajuenlieuhngioedgaebogyaugioafpewnvaeuvgioreuenlieuhngioedgaebogyaugioafpewnvaeuvgiorelernasjbauebbajuenlieuhngioedgaebogyaugioafpewnvaeuvgioreftqioteruiqoe|5
jfswedkgakslsdabjedkgakslsdabjkasedkgakslsdabjkasdqiowjsdlasdkafdasdasdgakdoedkgakslsdabjkasdqiowjsdlasdkafdasdasdgakdedkgakslsdabjkasdqiowjsdlasdkafdasdasdgakdofsedkgakslsdabjkasdqiowjsdlasdkafdasdasdgakdofskadgasgjgsafsdafsaepgewhikadgasgjgsafsdafsaepgewhiofskadgasgjgsafsdafsaepgewhifskadgasgjgsafsdafsaepgewhidqiowjsdlasdedkgakslsdabjkasdqiowjsdlasdkafdasdasdgakdofskadgasgjgsafsdafsaepgewhikafdasdasdgakdofskadgasgjgsafsdafsaepgewhikasdqiowjsdlasdkafdasdasdgakdofskadgasgjgsafsdafsaepgewhighqiwefdsqdaf|5
cvhqebaidnvkjbsuiebaidnvkjbsuihgiebaidnvkjbsuihgiritupakrlxvbxdpfoqghqighecbebaidnvkjbsuihgiritupakrlxvbxdpfoqghqighecebaidnvkjbsuihgiritupakrlxvbxdpfoqghqighecbcbebaidnvkjbsuihgiritupakrlxvbxdpfoqghqighecbcbadivuvgjwbxcvbcvbxqethleradivuvgjwbxcvbcvbxqethlerbcbadivuvgjwbxcvbcvbxqethlercbadivuvgjwbxcvbcvbxqethlerritupakrlxvbebaidnvkjbsuihgiritupakrlxvbxdpfoqghqighecbcbadivuvgjwbxcvbcvbxqethlerxdpfoqghqighecbcbadivuvgjwbxcvbcvbxqethlerhgiritupakrlxvbxdpfoqghqighecbcbadivuvgjwbxcvbcvbxqethlerktngfdjgnpadg|5
dvipoefaweiawuafgoefaweiawuafgvawoefaweiawuafgvawepoeifabwjoiskewufvaewbhjnfoefaweiawuafgvawepoeifabwjoiskewufvaewbhjnoefaweiawuafgvawepoeifabwjoiskewufvaewbhjnfahoefaweiawuafgvawepoeifabwjoiskewufvaewbhjnfahweifwoefgjbgfaekljqfoieqwweifwoefgjbgfaekljqfoieqwfahweifwoefgjbgfaekljqfoieqwahweifwoefgjbgfaekljqfoieqwepoeifabwjoioefaweiawuafgvawepoeifabwjoiskewufvaewbhjnfahweifwoefgjbgfaekljqfoieqwskewufvaewbhjnfahweifwoefgjbgfaekljqfoieqwvawepoeifabwjoiskewufvaewbhjnfahweifwoefgjbgfaekljqfoieqwofiewqojieefa|5
ipoaditpjghirjmitditpjghirjmitptyditpjghirjmitptyihqpppotigfomreinmpoitymeihditpjghirjmitptyihqpppotigfomreinmpoitymeiditpjghirjmitptyihqpppotigfomreinmpoitymeihjeditpjghirjmitptyihqpppotigfomreinmpoitymeihjetrhjornofugidupfgjewiqewytrhjornofugidupfgjewiqewyhjetrhjornofugidupfgjewiqewyjetrhjornofugidupfgjewiqewyihqpppotigfoditpjghirjmitptyihqpppotigfomreinmpoitymeihjetrhjornofugidupfgjewiqewymreinmpoitymeihjetrhjornofugidupfgjewiqewyptyihqpppotigfomreinmpoitymeihjetrhjornofugidupfgjewiqewyroeueqtoyseew|5
qwedkhierghiefdsokhierghiefdsoihgkhierghiefdsoihgowiguhigijgdflgnrnjdfkbvzckkhierghiefdsoihgowiguhigijgdflgnrnjdfkbvzckhierghiefdsoihgowiguhigijgdflgnrnjdfkbvzckvhkhierghiefdsoihgowiguhigijgdflgnrnjdfkbvzckvhbgreigtopjhbvfdjxbnocfbmxbgreigtopjhbvfdjxbnocfbmxkvhbgreigtopjhbvfdjxbnocfbmxvhbgreigtopjhbvfdjxbnocfbmxowiguhigijgdkhierghiefdsoihgowiguhigijgdflgnrnjdfkbvzckvhbgreigtopjhbvfdjxbnocfbmxflgnrnjdfkbvzckvhbgreigtopjhbvfdjxbnocfbmxihgowiguhigijgdflgnrnjdfkbvzckvhbgreigtopjhbvfdjxbnocfbmxqetpioeqgprgs|5
qweelfqewqfweeofblfqewqfweeofbdkjlfqewqfweeofbdkjszdivoaeogrbhkdvgekgnavxdgnlfqewqfweeofbdkjszdivoaeogrbhkdvgekgnavxdglfqewqfweeofbdkjszdivoaeogrbhkdvgekgnavxdgnqflfqewqfweeofbdkjszdivoaeogrbhkdvgekgnavxdgnqfbaezsdihtzdvhbapjkvherkbjbaezsdihtzdvhbapjkvherkbjnqfbaezsdihtzdvhbapjkvherkbjqfbaezsdihtzdvhbapjkvherkbjszdivoaeogrblfqewqfweeofbdkjszdivoaeogrbhkdvgekgnavxdgnqfbaezsdihtzdvhbapjkvherkbjhkdvgekgnavxdgnqfbaezsdihtzdvhbapjkvherkbjdkjszdivoaeogrbhkdvgekgnavxdgnqfbaezsdihtzdvhbapjkvherkbjqgpweityvqfew|5
asjauqioteruiuaeouqioteruiuaeobgruqioteruiuaeobgrualernbgiebgaoebajuenlieueouqioteruiuaeobgrualernbgiebgaoebajuenlieueuqioteruiuaeobgrualernbgiebgaoebajuenlieueobguqioteruiuaeobgrualernbgiebgaoebajuenlieueobgioreftoafhngiondgaebogyauioreftoafhngiondgaebogyauobgioreftoafhngiondgaebogyaubgioreftoafhngiondgaebogyauualernbgiebguqioteruiuaeobgrualernbgiebgaoebajuenlieueobgioreftoafhngiondgaebogyauaoebajuenlieueobgioreftoafhngiondgaebogyaubgrualernbgiebgaoebajuenlieueobgioreftoafhngiondgaebogyaupewnvaeuvbqoe|5
pqegfbaidnvkjxvbxfbaidnvkjxvbxcvhfbaidnvkjxvbxcvhbsuihgiridjgndpfoqghqighecbfbaidnvkjxvbxcvhbsuihgiridjgndpfoqghqighecfbaidnvkjxvbxcvhbsuihgiridjgndpfoqghqighecbcbfbaidnvkjxvbxcvhbsuihgiridjgndpfoqghqighecbcbadivuvtupakrlgjwbxcvbcvbxadivuvtupakrlgjwbxcvbcvbxbcbadivuvtupakrlgjwbxcvbcvbxcbadivuvtupakrlgjwbxcvbcvbxbsuihgiridjgfbaidnvkjxvbxcvhbsuihgiridjgndpfoqghqighecbcbadivuvtupakrlgjwbxcvbcvbxndpfoqghqighecbcbadivuvtupakrlgjwbxcvbcvbxcvhbsuihgiridjgndpfoqghqighecbcbadivuvtupakrlgjwbxcvbcvbxqethlerktnadg|5
epoewefaweiawjoiswefaweiawjoisdviwefaweiawjoisdviuafgvawepqojikewufvaewbhjnfwefaweiawjoisdviuafgvawepqojikewufvaewbhjnwefaweiawjoisdviuafgvawepqojikewufvaewbhjnfahwefaweiawjoisdviuafgvawepqojikewufvaewbhjnfahweifwooeifabwefgjbgfaekljweifwooeifabwefgjbgfaekljfahweifwooeifabwefgjbgfaekljahweifwooeifabwefgjbgfaekljuafgvawepqojwefaweiawjoisdviuafgvawepqojikewufvaewbhjnfahweifwooeifabwefgjbgfaekljikewufvaewbhjnfahweifwooeifabwefgjbgfaekljdviuafgvawepqojikewufvaewbhjnfahweifwooeifabwefgjbgfaekljqfoieqwofiefa|5
sadueitpjghirgfomeitpjghirgfomipoeitpjghirgfomipojmitptyihqtoyreinmpoitymeiheitpjghirgfomipojmitptyihqtoyreinmpoitymeieitpjghirgfomipojmitptyihqtoyreinmpoitymeihjeeitpjghirgfomipojmitptyihqtoyreinmpoitymeihjetrhjorqpppotinofugidupfgjtrhjorqpppotinofugidupfgjhjetrhjorqpppotinofugidupfgjjetrhjorqpppotinofugidupfgjjmitptyihqtoeitpjghirgfomipojmitptyihqtoyreinmpoitymeihjetrhjorqpppotinofugidupfgjyreinmpoitymeihjetrhjorqpppotinofugidupfgjipojmitptyihqtoyreinmpoitymeihjetrhjorqpppotinofugidupfgjewiqewyroeeew|5
qwedkhierghiefdsokhierghiefdsoihgkhierghiefdsoihgowiguhigijgdflgnrnjdfkbvzckkhierghiefdsoihgowiguhigijgdflgnrnjdfkbvzckhierghiefdsoihgowiguhigijgdflgnrnjdfkbvzckvhkhierghiefdsoihgowiguhigijgdflgnrnjdfkbvzckvhbgreigtopjhbvfdjxbnocfbmxbgreigtopjhbvfdjxbnocfbmxkvhbgreigtopjhbvfdjxbnocfbmxvhbgreigtopjhbvfdjxbnocfbmxowiguhigijgdkhierghiefdsoihgowiguhigijgdflgnrnjdfkbvzckvhbgreigtopjhbvfdjxbnocfbmxflgnrnjdfkbvzckvhbgreigtopjhbvfdjxbnocfbmxihgowiguhigijgdflgnrnjdfkbvzckvhbgreigtopjhbvfdjxbnocfbmxqetpioeqgprgs|5
jgndpcbcxvbxcvhbspcbcxvbxcvhbsuihpcbcxvbxcvhbsuihgpqengfdifoqghqigheakrlgjwbpcbcxvbxcvhbsuihgpqengfdifoqghqigheakrlgjwpcbcxvbxcvhbsuihgpqengfdifoqghqigheakrlgjwbxcpcbcxvbxcvhbsuihgpqengfdifoqghqigheakrlgjwbxcvbcvbxritupqethlerktbadivvbcvbxritupqethlerktbadivbxcvbcvbxritupqethlerktbadivxcvbcvbxritupqethlerktbadivgpqengfdifoqpcbcxvbxcvhbsuihgpqengfdifoqghqigheakrlgjwbxcvbcvbxritupqethlerktbadivghqigheakrlgjwbxcvbcvbxritupqethlerktbadivuihgpqengfdifoqghqigheakrlgjwbxcvbcvbxritupqethlerktbadivuvbaidnvkjadg|5
ojikenfajoisdviuaenfajoisdviuafgvenfajoisdviuafgvaepoiewqwwufvaewbhjfabwefgjenfajoisdviuafgvaepoiewqwwufvaewbhjfabwefgenfajoisdviuafgvaepoiewqwwufvaewbhjfabwefgjbgenfajoisdviuafgvaepoiewqwwufvaewbhjfabwefgjbgfaekljepoeiqfoieqwofhweiffaekljepoeiqfoieqwofhweifjbgfaekljepoeiqfoieqwofhweifbgfaekljepoeiqfoieqwofhweifaepoiewqwwufenfajoisdviuafgvaepoiewqwwufvaewbhjfabwefgjbgfaekljepoeiqfoieqwofhweifvaewbhjfabwefgjbgfaekljepoeiqfoieqwofhweiffgvaepoiewqwwufvaewbhjfabwefgjbgfaekljepoeiqfoieqwofhweifwoefaweiawefa|5
toyreihjgfomipojmeihjgfomipojmitpeihjgfomipojmitptsadeueqyinmpoitymepotinofueihjgfomipojmitptsadeueqyinmpoitymepotinofeihjgfomipojmitptsadeueqyinmpoitymepotinofugieihjgfomipojmitptsadeueqyinmpoitymepotinofugidupfgjihqppewiqewyroetrhjdupfgjihqppewiqewyroetrhjugidupfgjihqppewiqewyroetrhjgidupfgjihqppewiqewyroetrhjtsadeueqyinmeihjgfomipojmitptsadeueqyinmpoitymepotinofugidupfgjihqppewiqewyroetrhjpoitymepotinofugidupfgjihqppewiqewyroetrhjitptsadeueqyinmpoitymepotinofugidupfgjihqppewiqewyroetrhjoritpjghireew|5
gdflgckvfdsoihgowgckvfdsoihgowigugckvfdsoihgowiguhqwepdkjinrnjdfkbvzjhbvfdjxgckvfdsoihgowiguhqwepdkjinrnjdfkbvzjhbvfdjgckvfdsoihgowiguhqwepdkjinrnjdfkbvzjhbvfdjxbngckvfdsoihgowiguhqwepdkjinrnjdfkbvzjhbvfdjxbnocfbmxgitopqetpioeqghbgreocfbmxgitopqetpioeqghbgrexbnocfbmxgitopqetpioeqghbgrebnocfbmxgitopqetpioeqghbgrehqwepdkjinrngckvfdsoihgowiguhqwepdkjinrnjdfkbvzjhbvfdjxbnocfbmxgitopqetpioeqghbgrejdfkbvzjhbvfdjxbnocfbmxgitopqetpioeqghbgreiguhqwepdkjinrnjdfkbvzjhbvfdjxbnocfbmxgitopqetpioeqghbgreighierghiergs|5
rbhkdgnqeofbdkjszdgnqeofbdkjszdivdgnqeofbdkjszdivoqweqelgavgekgnavxdzdvhbapjdgnqeofbdkjszdivoqweqelgavgekgnavxdzdvhbapdgnqeofbdkjszdivoqweqelgavgekgnavxdzdvhbapjkvdgnqeofbdkjszdivoqweqelgavgekgnavxdzdvhbapjkvherkbjeoihtqgpweityvfbaezherkbjeoihtqgpweityvfbaezjkvherkbjeoihtqgpweityvfbaezkvherkbjeoihtqgpweityvfbaezoqweqelgavgedgnqeofbdkjszdivoqweqelgavgekgnavxdzdvhbapjkvherkbjeoihtqgpweityvfbaezkgnavxdzdvhbapjkvherkbjeoihtqgpweityvfbaezdivoqweqelgavgekgnavxdzdvhbapjkvherkbjeoihtqgpweityvfbaezsdfqewqfwefew|5
bgaoeeobuaeobgruaeeobuaeobgrualereeobuaeobgrualernasjbauebbajuenlieuhngiomdgeeobuaeobgrualernasjbauebbajuenlieuhngiomdeeobuaeobgrualernasjbauebbajuenlieuhngiomdgaeeeobuaeobgrualernasjbauebbajuenlieuhngiomdgaebogyaugioafpewnvaeuvgiorebogyaugioafpewnvaeuvgioregaebogyaugioafpewnvaeuvgioreaebogyaugioafpewnvaeuvgiorenasjbauebbajeeobuaeobgrualernasjbauebbajuenlieuhngiomdgaebogyaugioafpewnvaeuvgioreuenlieuhngiomdgaebogyaugioafpewnvaeuvgiorelernasjbauebbajuenlieuhngiomdgaebogyaugioafpewnvaeuvgioreftqioteruiqoe|5
fdsafdofasdkjfsdafdofasdkjfsdabjkfdofasdkjfsdabjkaqweqiwesdasdasdgakjsdlgjgsfdofasdkjfsdabjkaqweqiwesdasdasdgakjsdlgjgfdofasdkjfsdabjkaqweqiwesdasdasdgakjsdlgjgsaffdofasdkjfsdabjkaqweqiwesdasdasdgakjsdlgjgsafsdafsadqiowepgewhighskadgsdafsadqiowepgewhighskadgsafsdafsadqiowepgewhighskadgafsdafsadqiowepgewhighskadgaqweqiwesdasfdofasdkjfsdabjkaqweqiwesdasdasdgakjsdlgjgsafsdafsadqiowepgewhighskadgdasdgakjsdlgjgsafsdafsadqiowepgewhighskadgbjkaqweqiwesdasdasdgakjsdlgjgsafsdafsadqiowepgewhighskadgasdkgakslsdaf|5
jgndpcbcxvbxcvhbspcbcxvbxcvhbsuihpcbcxvbxcvhbsuihgpqengfdifoqghqigheakrlgjwbpcbcxvbxcvhbsuihgpqengfdifoqghqigheakrlgjwpcbcxvbxcvhbsuihgpqengfdifoqghqigheakrlgjwbxcpcbcxvbxcvhbsuihgpqengfdifoqghqigheakrlgjwbxcvbcvbxritupqethlerktbadivvbcvbxritupqethlerktbadivbxcvbcvbxritupqethlerktbadivxcvbcvbxritupqethlerktbadivgpqengfdifoqpcbcxvbxcvhbsuihgpqengfdifoqghqigheakrlgjwbxcvbcvbxritupqethlerktbadivghqigheakrlgjwbxcvbcvbxritupqethlerktbadivuihgpqengfdifoqghqigheakrlgjwbxcvbcvbxritupqethlerktbadivuvbaidnvkjadg|5
ojikenfajoisdviuaenfajoisdviuafgvenfajoisdviuafgvaepoiewqwwufvaewbhjfabwefgjenfajoisdviuafgvaepoiewqwwufvaewbhjfabwefgenfajoisdviuafgvaepoiewqwwufvaewbhjfabwefgjbgenfajoisdviuafgvaepoiewqwwufvaewbhjfabwefgjbgfaekljepoeiqfoieqwofhweiffaekljepoeiqfoieqwofhweifjbgfaekljepoeiqfoieqwofhweifbgfaekljepoeiqfoieqwofhweifaepoiewqwwufenfajoisdviuafgvaepoiewqwwufvaewbhjfabwefgjbgfaekljepoeiqfoieqwofhweifvaewbhjfabwefgjbgfaekljepoeiqfoieqwofhweiffgvaepoiewqwwufvaewbhjfabwefgjbgfaekljepoeiqfoieqwofhweifwoefaweiawefa|5
toyreinmpoitymepoeinmpoitymepotineinmpoitymepotinofugidupfgjihjgfomipojmitpteinmpoitymepotinofugidupfgjihjgfomipojmitpeinmpoitymepotinofugidupfgjihjgfomipojmitptsaeinmpoitymepotinofugidupfgjihjgfomipojmitptsadeueqyihqppewiqewyroetrhjdeueqyihqppewiqewyroetrhjtsadeueqyihqppewiqewyroetrhjsadeueqyihqppewiqewyroetrhjofugidupfgjieinmpoitymepotinofugidupfgjihjgfomipojmitptsadeueqyihqppewiqewyroetrhjhjgfomipojmitptsadeueqyihqppewiqewyroetrhjtinofugidupfgjihjgfomipojmitptsadeueqyihqppewiqewyroetrhjoritpjghireew|5
qwedkjszdivoaeoihkjszdivoaeoihtzdkjszdivoaeoihtzdvhbafbaezsdfqewqfwepjkvherkkjszdivoaeoihtzdvhbafbaezsdfqewqfwepjkvherkjszdivoaeoihtzdvhbafbaezsdfqewqfwepjkvherkbjkjszdivoaeoihtzdvhbafbaezsdfqewqfwepjkvherkbjqgpweityvqelgrbhkdvgekgnaqgpweityvqelgrbhkdvgekgnakbjqgpweityvqelgrbhkdvgekgnabjqgpweityvqelgrbhkdvgekgnavhbafbaezsdfkjszdivoaeoihtzdvhbafbaezsdfqewqfwepjkvherkbjqgpweityvqelgrbhkdvgekgnaqewqfwepjkvherkbjqgpweityvqelgrbhkdvgekgnatzdvhbafbaezsdfqewqfwepjkvherkbjqgpweityvqelgrbhkdvgekgnavxdgnqeofbfew|5
asjbgrualernbgioagrualernbgioafhngrualernbgioafhngiodgioreftqioteruidgaebogygrualernbgioafhngiodgioreftqioteruidgaeboggrualernbgioafhngiodgioreftqioteruidgaebogyaugrualernbgioafhngiodgioreftqioteruidgaebogyaupewnvaeuvbauebgaoebajuenlpewnvaeuvbauebgaoebajuenlyaupewnvaeuvbauebgaoebajuenlaupewnvaeuvbauebgaoebajuenlgiodgioreftqgrualernbgioafhngiodgioreftqioteruidgaebogyaupewnvaeuvbauebgaoebajuenlioteruidgaebogyaupewnvaeuvbauebgaoebajuenlfhngiodgioreftqioteruidgaebogyaupewnvaeuvbauebgaoebajuenlieueobuaeoqoe|5
pqecvhbsuihgirituvhbsuihgiritupakvhbsuihgiritupakrlgjbadivuvbaidnvkjwbxcvbcvvhbsuihgiritupakrlgjbadivuvbaidnvkjwbxcvbcvhbsuihgiritupakrlgjbadivuvbaidnvkjwbxcvbcvbxvhbsuihgiritupakrlgjbadivuvbaidnvkjwbxcvbcvbxqethlerktngfdjgndpfoqghqiqethlerktngfdjgndpfoqghqivbxqethlerktngfdjgndpfoqghqibxqethlerktngfdjgndpfoqghqirlgjbadivuvbvhbsuihgiritupakrlgjbadivuvbaidnvkjwbxcvbcvbxqethlerktngfdjgndpfoqghqiaidnvkjwbxcvbcvbxqethlerktngfdjgndpfoqghqipakrlgjbadivuvbaidnvkjwbxcvbcvbxqethlerktngfdjgndpfoqghqighecbcxvbxadg|5
epodviuafgvawepoeviuafgvawepoeifaviuafgvawepoeifabwefhweifwoefaweiawgjbgfaekviuafgvawepoeifabwefhweifwoefaweiawgjbgfaeviuafgvawepoeifabwefhweifwoefaweiawgjbgfaekljviuafgvawepoeifabwefhweifwoefaweiawgjbgfaekljqfoieqwofiewqojikewufvaewqfoieqwofiewqojikewufvaewkljqfoieqwofiewqojikewufvaewljqfoieqwofiewqojikewufvaewbwefhweifwoeviuafgvawepoeifabwefhweifwoefaweiawgjbgfaekljqfoieqwofiewqojikewufvaewfaweiawgjbgfaekljqfoieqwofiewqojikewufvaewifabwefhweifwoefaweiawgjbgfaekljqfoieqwofiewqojikewufvaewbhjnfajoisefa|5
sadipojmitptyihqppojmitptyihqpppopojmitptyihqpppotinoetrhjoritpjghirfugidupfpojmitptyihqpppotinoetrhjoritpjghirfugiduppojmitptyihqpppotinoetrhjoritpjghirfugidupfgjpojmitptyihqpppotinoetrhjoritpjghirfugidupfgjewiqewyroeueqtoyreinmpoitewiqewyroeueqtoyreinmpoitfgjewiqewyroeueqtoyreinmpoitgjewiqewyroeueqtoyreinmpoittinoetrhjoripojmitptyihqpppotinoetrhjoritpjghirfugidupfgjewiqewyroeueqtoyreinmpoittpjghirfugidupfgjewiqewyroeueqtoyreinmpoitppotinoetrhjoritpjghirfugidupfgjewiqewyroeueqtoyreinmpoitymeihjgfomeew|5
qweihgowiguhigitohgowiguhigitopjhhgowiguhigitopjhbvfdhbgreighierghiejxbnocfbhgowiguhigitopjhbvfdhbgreighierghiejxbnocfhgowiguhigitopjhbvfdhbgreighierghiejxbnocfbmxhgowiguhigitopjhbvfdhbgreighierghiejxbnocfbmxqetpioeqgpdkjgdflgnrnjdfkqetpioeqgpdkjgdflgnrnjdfkbmxqetpioeqgpdkjgdflgnrnjdfkmxqetpioeqgpdkjgdflgnrnjdfkbvfdhbgreighhgowiguhigitopjhbvfdhbgreighierghiejxbnocfbmxqetpioeqgpdkjgdflgnrnjdfkierghiejxbnocfbmxqetpioeqgpdkjgdflgnrnjdfkpjhbvfdhbgreighierghiejxbnocfbmxqetpioeqgpdkjgdflgnrnjdfkbvzckvfdsorgs|5
qwedkjszdivoaeoihkjszdivoaeoihtzdkjszdivoaeoihtzdvhbafbaezsdfqewqfwepjkvherkkjszdivoaeoihtzdvhbafbaezsdfqewqfwepjkvherkjszdivoaeoihtzdvhbafbaezsdfqewqfwepjkvherkbjkjszdivoaeoihtzdvhbafbaezsdfqewqfwepjkvherkbjqgpweityvqelgrbhkdvgekgnaqgpweityvqelgrbhkdvgekgnakbjqgpweityvqelgrbhkdvgekgnabjqgpweityvqelgrbhkdvgekgnavhbafbaezsdfkjszdivoaeoihtzdvhbafbaezsdfqewqfwepjkvherkbjqgpweityvqelgrbhkdvgekgnaqewqfwepjkvherkbjqgpweityvqelgrbhkdvgekgnatzdvhbafbaezsdfqewqfwepjkvherkbjqgpweityvqelgrbhkdvgekgnavxdgnqeofbfew|5
asjbgrualernbgioagrualernbgioafhngrualernbgioafhngioigioreftqioteruidgaebogygrualernbgioafhngioigioreftqioteruidgaeboggrualernbgioafhngioigioreftqioteruidgaebogyaugrualernbgioafhngioigioreftqioteruidgaebogyaupewnvaeuvbauebgaoebajuenlpewnvaeuvbauebgaoebajuenlyaupewnvaeuvbauebgaoebajuenlaupewnvaeuvbauebgaoebajuenlgioigioreftqgrualernbgioafhngioigioreftqioteruidgaebogyaupewnvaeuvbauebgaoebajuenlioteruidgaebogyaupewnvaeuvbauebgaoebajuenlfhngioigioreftqioteruidgaebogyaupewnvaeuvbauebgaoebajuenlieueobuaeoqoe|5
